{
  "experiment": "E5-Day",
  "model": "convnext_tiny",
  "split": "test_day",
  "n_samples": 515,
  "macro_f1": 0.95408,
  "macro_f1_ci_95": [
    0.942033,
    0.965234
  ],
  "auc_pr": 0.966095,
  "auc_roc": 0.983726,
  "mcc": 0.908216,
  "accuracy": 0.961812,
  "mean_macro_f1": 0.954091,
  "std_macro_f1": 0.004643,
  "training_seeds": [
    42,
    123,
    456
  ],
  "per_seed_f1": {
    "42": 0.952968,
    "123": 0.960255,
    "456": 0.94905
  },
  "per_class": {
    "ripe": {
      "precision": 0.969808,
      "recall": 0.976059,
      "f1": 0.972923,
      "support": 1086
    },
    "unripe": {
      "precision": 0.942478,
      "recall": 0.928105,
      "f1": 0.935236,
      "support": 459
    }
  },
  "confusion_matrix": [
    [
      1060,
      26
    ],
    [
      33,
      426
    ]
  ]
}