{
  "experiment": "E5-Night",
  "model": "convnext_tiny",
  "split": "test_night",
  "n_samples": 515,
  "macro_f1": 0.951456,
  "macro_f1_ci_95": [
    0.938283,
    0.962696
  ],
  "auc_pr": 0.964706,
  "auc_roc": 0.988019,
  "mcc": 0.903003,
  "accuracy": 0.959223,
  "mean_macro_f1": 0.951437,
  "std_macro_f1": 0.005179,
  "training_seeds": [
    42,
    123,
    456
  ],
  "per_seed_f1": {
    "42": 0.94421,
    "123": 0.954021,
    "456": 0.95608
  },
  "per_class": {
    "ripe": {
      "precision": 0.97493,
      "recall": 0.966851,
      "f1": 0.970874,
      "support": 1086
    },
    "unripe": {
      "precision": 0.923077,
      "recall": 0.941176,
      "f1": 0.932039,
      "support": 459
    }
  },
  "confusion_matrix": [
    [
      1050,
      36
    ],
    [
      27,
      432
    ]
  ]
}