{
  "experiment": "E3-DL-Day->Night",
  "model": "convnext_tiny",
  "split": "test_night",
  "n_samples": 515,
  "macro_f1": 0.949176,
  "macro_f1_ci_95": [
    0.937159,
    0.961664
  ],
  "auc_pr": 0.920257,
  "auc_roc": 0.974431,
  "mcc": 0.898464,
  "accuracy": 0.957282,
  "mean_macro_f1": 0.949282,
  "std_macro_f1": 0.01269,
  "training_seeds": [
    42,
    123,
    456
  ],
  "per_seed_f1": {
    "42": 0.931523,
    "123": 0.960407,
    "456": 0.955916
  },
  "per_class": {
    "ripe": {
      "precision": 0.973978,
      "recall": 0.965009,
      "f1": 0.969473,
      "support": 1086
    },
    "unripe": {
      "precision": 0.918977,
      "recall": 0.938998,
      "f1": 0.928879,
      "support": 459
    }
  },
  "confusion_matrix": [
    [
      1048,
      38
    ],
    [
      28,
      431
    ]
  ],
  "day_night_delta": {
    "delta_macro_f1": 0.007683,
    "delta_accuracy": 0.007119,
    "delta_auc_roc": 0.006709,
    "delta_mcc": 0.015676,
    "delta_ripe_f1": 0.005424,
    "delta_unripe_f1": 0.009942,
    "pct_f1_degradation": 0.8
  }
}